Pays,pays
Afghanistan,Afghanistan
Afrique du Sud,Afrique du Sud
Albanie,Albanie
Algérie,Algérie
Allemagne,Allemagne
Andorre,Andorre
Angola,Angola
Antigua-et-Barbuda,Antigua-et-Barbuda
Arabie saoudite,Arabie saoudite
Argentine,Argentine
Arménie,Arménie
Australie,Australie
Autriche,Autriche
Azerbaïdjan,Azerbaïdjan
Bahamas,Bahamas`
Bahreïn,Bahreïn
Bangladesh,Bangladesh
Barbade,Barbade
Belgique,Belgique
Belize,Belize
Bénin,Bénin
Bhoutan,Bhoutan
Biélorussie,Biélorussie
Birmanie,Birmanie
Bolivie,Bolivie
Bosnie-Herzégovine,Bosnie-Herzégovine
Botswana,Botswana
Brésil,Brésil
Brunei,Brunei
Bulgarie,Bulgarie
Burkina Faso,Burkina Faso
Burundi,Burundi
Cambodge,Cambodge
Cameroun,Cameroun
Canada,Canada
Cap-Vert,Cap-Vert
République centrafricaine,République centrafricaine
Chili,Chili
Chine,Chine
Chypre,Chypre
Colombie,Colombie
Comores,Comores
République du Congo,République du Congo
République démocratique du Congo,République démocratique du Congo
îles Cook,Îles Cook
Corée du Nord,Corée du Nord
Corée du Sud,Corée du Sud
Costa Rica,Costa Rica
Côte d'Ivoire,Côte d’Ivoire
Croatie,Croatie
Cuba,Cuba
Danemark,Danemark
Djibouti,Djibouti
République dominicaine,République dominicaine
Dominique,Dominique
Égypte,Égypte
Émirats arabes unis,Émirats arabes unis
Équateur,Équateur
Érythrée,Érythrée
Espagne,Espagne
Estonie,Estonie
États-Unis,États-Unis
Éthiopie,Éthiopie
Fidji,Fidji
Finlande,Finlande
France,France
Gabon,Gabon
Gambie,Gambie
Géorgie,Géorgie
Ghana,Ghana
Grèce,Grèce
Grenade,Grenade
Guatemala,Guatemala
Guinée,Guinée
Guinée-Bissau,Guinée-Bissau
Guinée équatoriale,Guinée équatoriale
Guyana,Guyana
Haïti,Haïti
Honduras,Honduras
Hong,Kong
Hongrie,Hongrie
Inde,Inde
Indonésie,Indonésie
Irak,Irak
Iran,Iran
Irlande,Irlande
Islande,Islande
Israël,Israël
Italie,Italie
Jamaïque,Jamaïque
Japon,Japon
Jordanie,Jordanie
Kazakhstan,Kazakhstan
Kenya,Kenya
Kirghizistan,Kirghizistan
Kiribati,Kiribati
Kosovo
Koweït,Koweït
Laos,Laos
Lesotho,Lesotho
Lettonie,Lettonie
Liban
Liberia,Liberia
Libye,Libye
Liechtenstein,Liechtenstein
Lituanie,Lituanie
Luxembourg,Luxembourg
Macédoine du Nord,Macédoine du Nord
Madagascar,Madagascar
Malaisie,Malaisie
Malawi,Malawi
Maldives,Maldives
Mali,Mali
Malte,Malte
Maroc,Maroc
îles Marshall,Îles Marshall
Maurice,Maurice
Mauritanie,Mauritanie
Mexique,Mexique
Micronésie,Micronésie
Moldavie,Moldavie
Monaco,Monaco
Mongolie,Mongolie
Monténégro,Monténégro
Mozambique,Mozambique
Namibie,Namibie
Nauru,Nauru
Népal,Népal
Nicaragua,Nicaragua
Niger,Niger
Nigeria,Nigeria
Niue,Niue
Norvège,Norvège
Nouvelle-Zélande,Nouvelle-Zélande
Oman,Oman
Ouganda,Ouganda
Ouzbékistan,Ouzbékistan
Pakistan,Pakistan
Palaos,Palaos
État,de,Palestine,Palestine
Panamá,Panamá
Papouasie-Nouvelle-Guinée,Papouasie-Nouvelle-Guinée
Paraguay,Paraguay
Pays-Bas,Pays-Bas
Pérou,Pérou
Philippines,Philippines
Pologne,Pologne
Portugal,Portugal
Qatar,Qatar
Roumanie,Roumanie
Royaume-Uni,Royaume-Uni
Russie,Russie
Rwanda,Rwanda
Saint-Christophe-et-Niévès,Saint-Christophe-et-Niévès
Saint-Marin,Saint-Marin
Saint-Vincent-et-les,Grenadines,Saint-Vincent-et-les,Grenadines
Sainte-Lucie,Sainte-Lucie
îles,Salomon,Îles,Salomon
Salvador,Salvador
Samoa,Samoa
São Tomé-et-Principe,São Tomé-et-Principe
Sénégal,Sénégal
Serbie,Serbie
Seychelles,Seychelles
Sierra,Leone,Sierra,Leone
Singapour,Singapour
Slovaquie,Slovaquie
Slovénie,Slovénie
Somalie,Somalie
Soudan,Soudan
Soudan,du,Sud,Soudan,du,Sud
Sri Lanka,Sri Lanka
Suède,Suède
Suisse,Suisse
Suriname,Suriname
Swaziland,Eswatini
Syrie,Syrie
Tadjikistan,Tadjikistan
Taïwan
Tanzanie,Tanzanie
Tchad,Tchad
République tchèque,République tchèque
Thaïlande,Thaïlande
Timor oriental,Timor oriental
Togo,Togo
Tonga,Tonga
Trinité-et-Tobago,Trinité-et-Tobago
Tunisie,Tunisie
Turkménistan,Turkménistan
Turquie,Turquie
Tuvalu,Tuvalu
Ukraine,Ukraine
Uruguay,Uruguay
Vanuatu,Vanuatu
Vatican,Vatican
Venezuela,Venezuela
Viêt,Nam,Viêt,Nam
Yémen,Yémen
Zambie,Zambie
Zimbabwe,Zimbabwe